Workbook

Sheet 1_Executive_Summary
A1: Pharma Sales Analysis & Forecasting Model
A3: Dataset Overview:
A4: Source: Kaggle Pharma Sales Data (2014-2019)
A5: Primary File: salesmonthly.csv
A6: Training Period: Jan 2014 - Dec 2018 (60 months)
A7: Validation Period: Jan 2019 - Sep 2019 (9 months)
A8: Note: Oct 2019 excluded from validation as it is a partial month.
A10: Key Findings & Limitations:
A11: 1. Jan 2017 shows anomalous near-zero sales in the raw data.
A12: 2. A sensitivity check showed a modest change in forecast error when the January 2017 anomaly was excluded.
A13: 3. The original data is retained; no synthetic imputation was performed.
A15: Business KPIs:
A16: Total Sales Quantity (2014-2019) | B16: 126,585.8
A17: Average Monthly Sales (all cats) | B17: 1,808.4
A18: Highest-Selling Category | B18: N02BE (62,477.9 units)
A19: Category Contribution (top) | B19: 49.4%
A20: Highest-Sales Month | B20: 2014-10 (3,146.9)
A21: YoY Growth 2017->2018 (full years) | B21: +39.6%

Sheet 2_Data_Input
A1: Date | B1: Year_Month | C1: Year | D1: Month | E1: Total_Sales | F1: MoM_Change | G1: MoM_Growth_Pct | H1: MA3
A2: 41670 | B2: 2014-01 | C2: 2014 | D2: 1 | E2: 1821.11 | H2: 1821.11
A3: 41698 | B3: 2014-02 | C3: 2014 | D3: 2 | E3: 1974.47 | F3: 153.36 | G3: 8.4212376 | H3: 1897.79
A4: 41729 | B4: 2014-03 | C4: 2014 | D4: 3 | E4: 1606.72 | F4: -367.75 | G4: -18.625251 | H4: 1800.7667
A5: 41759 | B5: 2014-04 | C5: 2014 | D5: 4 | E5: 1429.675 | F5: -177.045 | G5: -11.019033 | H5: 1670.2883
A6: 41790 | B6: 2014-05 | C6: 2014 | D6: 5 | E6: 1506.303 | F6: 76.628 | G6: 5.3598195 | H6: 1514.2327
A7: 41820 | B7: 2014-06 | C7: 2014 | D7: 6 | E7: 1390.205 | F7: -116.098 | G7: -7.7074798 | H7: 1442.061
A8: 41851 | B8: 2014-07 | C8: 2014 | D8: 7 | E8: 1332.37 | F8: -57.835 | G8: -4.1601778 | H8: 1409.626
A9: 41882 | B9: 2014-08 | C9: 2014 | D9: 8 | E9: 1499.02 | F9: 166.65 | G9: 12.507787 | H9: 1407.1983
A10: 41912 | B10: 2014-09 | C10: 2014 | D10: 9 | E10: 1814.594 | F10: 315.574 | G10: 21.052021 | H10: 1548.6613
A11: 41943 | B11: 2014-10 | C11: 2014 | D11: 10 | E11: 3146.906 | F11: 1332.312 | G11: 73.422044 | H11: 2153.5067
A12: 41973 | B12: 2014-11 | C12: 2014 | D12: 11 | E12: 1770.64 | F12: -1376.266 | G12: -43.733941 | H12: 2244.0467
A13: 42004 | B13: 2014-12 | C13: 2014 | D13: 12 | E13: 2093.485 | F13: 322.845 | G13: 18.233238 | H13: 2337.0103
A14: 42035 | B14: 2015-01 | C14: 2015 | D14: 1 | E14: 2157.749 | F14: 64.264 | G14: 3.0697139 | H14: 2007.2913
... A71: 43769 | B71: 2019-10 | C71: 2019 | D71: 10 | E71: 538.6 | F71: -1325.787 | G71: -71.111148 | H71: 1260.2553

Sheet 3_Category_Input
A1: Rank | B1: Category | C1: Total | D1: Avg_Monthly | E1: Contribution_Pct
A2: 1 | B2: N02BE | C2: 62477.945 | D2: 892.54207 | E2: 49.36
A3: 2 | B3: N05B | C3: 18348.3 | D3: 262.11857 | E3: 14.49
A4: 3 | B4: R03 | C4: 11737.25 | D4: 167.675 | E4: 9.27
A5: 4 | B5: M01AB | C5: 10499.44 | D5: 149.992 | E5: 8.29
A6: 5 | B6: M01AE | C6: 8156 | D6: 116.51429 | E6: 6.44
A7: 6 | B7: N02BA | C7: 8051.459 | D7: 115.02084 | E7: 6.36
A8: 7 | B8: R06 | C8: 6066.38 | D8: 86.662571 | E8: 4.79
A9: 8 | B9: N05C | C9: 1249 | D9: 17.842857 | E9: 0.99

Sheet 4_Forecast_Model
A1: Date | B1: Actual_Sales | C1: FORECAST_ETS | D1: Lower_Bound | E1: Upper_Bound | F1: Status
A2: 41670 | B2: 1821.11 | F2: Training
A3: 41698 | B3: 1974.47 | F3: Training
A4: 41729 | B4: 1606.72 | F4: Training
A5: 41759 | B5: 1429.675 | F5: Training
A6: 41790 | B6: 1506.303 | F6: Training
A7: 41820 | B7: 1390.205 | F7: Training
A8: 41851 | B8: 1332.37 | F8: Training
A9: 41882 | B9: 1499.02 | F9: Training
A10: 41912 | B10: 1814.594 | F10: Training
A11: 41943 | B11: 3146.906 | F11: Training
A12: 41973 | B12: 1770.64 | F12: Training
A13: 42004 | B13: 2093.485 | F13: Training
... A61: 43465 | B61: 2277.534 | F61: Training
A62: 43496 | B62: 2907.863 | C62: =_xlfn.SINGLE(_xlfn.FORECAST.ETS(A62, B$2:B$61, A$2:A$61, 1, 1)) -> 1382.7812 | D62: =C62 -_xlfn.SINGLE( _xlfn.FORECAST.ETS.CONFINT(A62, B$2:B$61, A$2:A$61, 0.95, 1, 1)) -> 591.96909 | E62: =C62 +_xlfn.SINGLE( _xlfn.FORECAST.ETS.CONFINT(A62, B$2:B$61, A$2:A$61, 0.95, 1, 1)) -> 2173.5932 | F62: Validation (Full Month)
A63: 43524 | B63: 1944.197 | C63: =_xlfn.SINGLE(_xlfn.FORECAST.ETS(A63, B$2:B$61, A$2:A$61, 1, 1)) -> 1582.1787 | D63: =C63 -_xlfn.SINGLE( _xlfn.FORECAST.ETS.CONFINT(A63, B$2:B$61, A$2:A$61, 0.95, 1, 1)) -> 791.36338 | E63: =C63 +_xlfn.SINGLE( _xlfn.FORECAST.ETS.CONFINT(A63, B$2:B$61, A$2:A$61, 0.95, 1, 1)) -> 2372.9939 | F63: Validation (Full Month)
A64: 43555 | B64: 2038.938 | C64: =_xlfn.SINGLE(_xlfn.FORECAST.ETS(A64, B$2:B$61, A$2:A$61, 1, 1)) -> 1674.161 | D64: =C64 -_xlfn.SINGLE( _xlfn.FORECAST.ETS.CONFINT(A64, B$2:B$61, A$2:A$61, 0.95, 1, 1)) -> 883.33903 | E64: =C64 +_xlfn.SINGLE( _xlfn.FORECAST.ETS.CONFINT(A64, B$2:B$61, A$2:A$61, 0.95, 1, 1)) -> 2464.9829 | F64: Validation (Full Month)
A65: 43585 | B65: 1756.805 | C65: =_xlfn.SINGLE(_xlfn.FORECAST.ETS(A65, B$2:B$61, A$2:A$61, 1, 1)) -> 1548.7667 | D65: =C65 -_xlfn.SINGLE( _xlfn.FORECAST.ETS.CONFINT(A65, B$2:B$61, A$2:A$61, 0.95, 1, 1)) -> 757.9352 | E65: =C65 +_xlfn.SINGLE( _xlfn.FORECAST.ETS.CONFINT(A65, B$2:B$61, A$2:A$61, 0.95, 1, 1)) -> 2339.5982 | F65: Validation (Full Month)
A66: 43616 | B66: 1822.16 | C66: =_xlfn.SINGLE(_xlfn.FORECAST.ETS(A66, B$2:B$61, A$2:A$61, 1, 1)) -> 1442.5395 | D66: =C66 -_xlfn.SINGLE( _xlfn.FORECAST.ETS.CONFINT(A66, B$2:B$61, A$2:A$61, 0.95, 1, 1)) -> 651.69343 | E66: =C66 +_xlfn.SINGLE( _xlfn.FORECAST.ETS.CONFINT(A66, B$2:B$61, A$2:A$61, 0.95, 1, 1)) -> 2233.3856 | F66: Validation (Full Month)
A67: 43646 | B67: 1482.407 | C67: =_xlfn.SINGLE(_xlfn.FORECAST.ETS(A67, B$2:B$61, A$2:A$61, 1, 1)) -> 1324.1645 | D67: =C67 -_xlfn.SINGLE( _xlfn.FORECAST.ETS.CONFINT(A67, B$2:B$61, A$2:A$61, 0.95, 1, 1)) -> 533.29972 | E67: =C67 +_xlfn.SINGLE( _xlfn.FORECAST.ETS.CONFINT(A67, B$2:B$61, A$2:A$61, 0.95, 1, 1)) -> 2115.0293 | F67: Validation (Full Month)
A68: 43677 | B68: 1517.941 | C68: =_xlfn.SINGLE(_xlfn.FORECAST.ETS(A68, B$2:B$61, A$2:A$61, 1, 1)) -> 1242.0562 | D68: =C68 -_xlfn.SINGLE( _xlfn.FORECAST.ETS.CONFINT(A68, B$2:B$61, A$2:A$61, 0.95, 1, 1)) -> 451.16545 | E68: =C68 +_xlfn.SINGLE( _xlfn.FORECAST.ETS.CONFINT(A68, B$2:B$61, A$2:A$61, 0.95, 1, 1)) -> 2032.9469 | F68: Validation (Full Month)
A69: 43708 | B69: 1377.779 | C69: =_xlfn.SINGLE(_xlfn.FORECAST.ETS(A69, B$2:B$61, A$2:A$61, 1, 1)) -> 1351.3713 | D69: =C69 -_xlfn.SINGLE( _xlfn.FORECAST.ETS.CONFINT(A69, B$2:B$61, A$2:A$61, 0.95, 1, 1)) -> 560.44851 | E69: =C69 +_xlfn.SINGLE( _xlfn.FORECAST.ETS.CONFINT(A69, B$2:B$61, A$2:A$61, 0.95, 1, 1)) -> 2142.294 | F69: Validation (Full Month)
A70: 43738 | B70: 1864.387 | C70: =_xlfn.SINGLE(_xlfn.FORECAST.ETS(A70, B$2:B$61, A$2:A$61, 1, 1)) -> 1599.8863 | D70: =C70 -_xlfn.SINGLE( _xlfn.FORECAST.ETS.CONFINT(A70, B$2:B$61, A$2:A$61, 0.95, 1, 1)) -> 808.92529 | E70: =C70 +_xlfn.SINGLE( _xlfn.FORECAST.ETS.CONFINT(A70, B$2:B$61, A$2:A$61, 0.95, 1, 1)) -> 2390.8473 | F70: Validation (Full Month)
A71: 43769 | B71: 538.6 | C71: =_xlfn.SINGLE(_xlfn.FORECAST.ETS(A71, B$2:B$70, A$2:A$70, 1, 1)) -> 1864.1378 | D71: =C71 -_xlfn.SINGLE( _xlfn.FORECAST.ETS.CONFINT(A71, B$2:B$70, A$2:A$70, 0.95, 1, 1)) -> 962.91079 | E71: =C71 +_xlfn.SINGLE( _xlfn.FORECAST.ETS.CONFINT(A71, B$2:B$70, A$2:A$70, 0.95, 1, 1)) -> 2765.3648 | F71: Validation (Partial)
A72: 43799 | C72: =_xlfn.SINGLE(_xlfn.FORECAST.ETS(A72, B$2:B$70, A$2:A$70, 1, 1)) -> 1863.9042 | D72: =C72 -_xlfn.SINGLE( _xlfn.FORECAST.ETS.CONFINT(A72, B$2:B$70, A$2:A$70, 0.95, 1, 1)) -> 962.67322 | E72: =C72 +_xlfn.SINGLE( _xlfn.FORECAST.ETS.CONFINT(A72, B$2:B$70, A$2:A$70, 0.95, 1, 1)) -> 2765.1351 | F72: Future FORECAST
A73: 43830 | C73: =_xlfn.SINGLE(_xlfn.FORECAST.ETS(A73, B$2:B$70, A$2:A$70, 1, 1)) -> 1863.6549 | D73: =C73 -_xlfn.SINGLE( _xlfn.FORECAST.ETS.CONFINT(A73, B$2:B$70, A$2:A$70, 0.95, 1, 1)) -> 962.41644 | E73: =C73 +_xlfn.SINGLE( _xlfn.FORECAST.ETS.CONFINT(A73, B$2:B$70, A$2:A$70, 0.95, 1, 1)) -> 2764.8934 | F73: Future FORECAST
A74: 43861 | C74: =_xlfn.SINGLE(_xlfn.FORECAST.ETS(A74, B$2:B$70, A$2:A$70, 1, 1)) -> 1863.4135 | D74: =C74 -_xlfn.SINGLE( _xlfn.FORECAST.ETS.CONFINT(A74, B$2:B$70, A$2:A$70, 0.95, 1, 1)) -> 962.16359 | E74: =C74 +_xlfn.SINGLE( _xlfn.FORECAST.ETS.CONFINT(A74, B$2:B$70, A$2:A$70, 0.95, 1, 1)) -> 2764.6634 | F74: Future FORECAST
A75: 43890 | C75: =_xlfn.SINGLE(_xlfn.FORECAST.ETS(A75, B$2:B$70, A$2:A$70, 1, 1)) -> 1863.1877 | D75: =C75 -_xlfn.SINGLE( _xlfn.FORECAST.ETS.CONFINT(A75, B$2:B$70, A$2:A$70, 0.95, 1, 1)) -> 961.92257 | E75: =C75 +_xlfn.SINGLE( _xlfn.FORECAST.ETS.CONFINT(A75, B$2:B$70, A$2:A$70, 0.95, 1, 1)) -> 2764.4528 | F75: Future FORECAST
A76: 43921 | C76: =_xlfn.SINGLE(_xlfn.FORECAST.ETS(A76, B$2:B$70, A$2:A$70, 1, 1)) -> 1862.9307 | D76: =C76 -_xlfn.SINGLE( _xlfn.FORECAST.ETS.CONFINT(A76, B$2:B$70, A$2:A$70, 0.95, 1, 1)) -> 961.64203 | E76: =C76 +_xlfn.SINGLE( _xlfn.FORECAST.ETS.CONFINT(A76, B$2:B$70, A$2:A$70, 0.95, 1, 1)) -> 2764.2193 | F76: Future FORECAST
A77: 43951 | C77: =_xlfn.SINGLE(_xlfn.FORECAST.ETS(A77, B$2:B$70, A$2:A$70, 1, 1)) -> 1862.697 | D77: =C77 -_xlfn.SINGLE( _xlfn.FORECAST.ETS.CONFINT(A77, B$2:B$70, A$2:A$70, 0.95, 1, 1)) -> 961.38049 | E77: =C77 +_xlfn.SINGLE( _xlfn.FORECAST.ETS.CONFINT(A77, B$2:B$70, A$2:A$70, 0.95, 1, 1)) -> 2764.0136 | F77: Future FORECAST
A78: 43982 | C78: =_xlfn.SINGLE(_xlfn.FORECAST.ETS(A78, B$2:B$70, A$2:A$70, 1, 1)) -> 1862.4478 | D78: =C78 -_xlfn.SINGLE( _xlfn.FORECAST.ETS.CONFINT(A78, B$2:B$70, A$2:A$70, 0.95, 1, 1)) -> 961.09333 | E78: =C78 +_xlfn.SINGLE( _xlfn.FORECAST.ETS.CONFINT(A78, B$2:B$70, A$2:A$70, 0.95, 1, 1)) -> 2763.8023 | F78: Future FORECAST
A79: 44012 | C79: =_xlfn.SINGLE(_xlfn.FORECAST.ETS(A79, B$2:B$70, A$2:A$70, 1, 1)) -> 1862.2142 | D79: =C79 -_xlfn.SINGLE( _xlfn.FORECAST.ETS.CONFINT(A79, B$2:B$70, A$2:A$70, 0.95, 1, 1)) -> 960.81609 | E79: =C79 +_xlfn.SINGLE( _xlfn.FORECAST.ETS.CONFINT(A79, B$2:B$70, A$2:A$70, 0.95, 1, 1)) -> 2763.6123 | F79: Future FORECAST
A80: 44043 | C80: =_xlfn.SINGLE(_xlfn.FORECAST.ETS(A80, B$2:B$70, A$2:A$70, 1, 1)) -> 1861.965 | D80: =C80 -_xlfn.SINGLE( _xlfn.FORECAST.ETS.CONFINT(A80, B$2:B$70, A$2:A$70, 0.95, 1, 1)) -> 960.51028 | E80: =C80 +_xlfn.SINGLE( _xlfn.FORECAST.ETS.CONFINT(A80, B$2:B$70, A$2:A$70, 0.95, 1, 1)) -> 2763.4197 | F80: Future FORECAST
A81: 44074 | C81: =_xlfn.SINGLE(_xlfn.FORECAST.ETS(A81, B$2:B$70, A$2:A$70, 1, 1)) -> 1861.7235 | D81: =C81 -_xlfn.SINGLE( _xlfn.FORECAST.ETS.CONFINT(A81, B$2:B$70, A$2:A$70, 0.95, 1, 1)) -> 960.20362 | E81: =C81 +_xlfn.SINGLE( _xlfn.FORECAST.ETS.CONFINT(A81, B$2:B$70, A$2:A$70, 0.95, 1, 1)) -> 2763.2435 | F81: Future FORECAST
A82: 44104 | C82: =_xlfn.SINGLE(_xlfn.FORECAST.ETS(A82, B$2:B$70, A$2:A$70, 1, 1)) -> 1861.4899 | D82: =C82 -_xlfn.SINGLE( _xlfn.FORECAST.ETS.CONFINT(A82, B$2:B$70, A$2:A$70, 0.95, 1, 1)) -> 959.89631 | E82: =C82 +_xlfn.SINGLE( _xlfn.FORECAST.ETS.CONFINT(A82, B$2:B$70, A$2:A$70, 0.95, 1, 1)) -> 2763.0835 | F82: Future FORECAST
A83: 44135 | C83: =_xlfn.SINGLE(_xlfn.FORECAST.ETS(A83, B$2:B$70, A$2:A$70, 1, 1)) -> 1861.2407 | D83: =C83 -_xlfn.SINGLE( _xlfn.FORECAST.ETS.CONFINT(A83, B$2:B$70, A$2:A$70, 0.95, 1, 1)) -> 959.55555 | E83: =C83 +_xlfn.SINGLE( _xlfn.FORECAST.ETS.CONFINT(A83, B$2:B$70, A$2:A$70, 0.95, 1, 1)) -> 2762.9258 | F83: Future FORECAST
... A85: 44196 | C85: =_xlfn.SINGLE(_xlfn.FORECAST.ETS(A85, B$2:B$70, A$2:A$70, 1, 1)) -> 1860.7578 | D85: =C85 -_xlfn.SINGLE( _xlfn.FORECAST.ETS.CONFINT(A85, B$2:B$70, A$2:A$70, 0.95, 1, 1)) -> 958.85516 | E85: =C85 +_xlfn.SINGLE( _xlfn.FORECAST.ETS.CONFINT(A85, B$2:B$70, A$2:A$70, 0.95, 1, 1)) -> 2762.6605 | F85: Future FORECAST

Sheet 5_Accuracy_Test
A1: Metric | B1: Validation Period | C1: Value | D1: Formula/Logic
A2: Validation Scope | B2: Jan 2019 - Sep 2019 (9 months) | D2: Filtered out Oct 2019 (partial)
A3: MAE (Mean Absolute Error) | C3: 347.1 | D3: Calculated on Jan-Sep 2019
A4: MAPE (Mean Absolute Pct Error) | C4: 0.188 | D4: Calculated on Jan-Sep 2019
A6: Date | B6: Actual_Sales | C6: Forecast_Sales | D6: Absolute_Error | E6: Absolute_Pct_Error
A7: ='4_Forecast_Model'!A62 -> 43496 | B7: ='4_Forecast_Model'!B62 -> 2907.863 | C7: ='4_Forecast_Model'!C62 -> 1382.7812 | D7: =ABS(C7-B7) -> 1525.0818 | E7: =D7/B7 -> 0.52446826
A8: ='4_Forecast_Model'!A63 -> 43524 | B8: ='4_Forecast_Model'!B63 -> 1944.197 | C8: ='4_Forecast_Model'!C63 -> 1582.1787 | D8: =ABS(C8-B8) -> 362.01834 | E8: =D8/B8 -> 0.18620456
A9: ='4_Forecast_Model'!A64 -> 43555 | B9: ='4_Forecast_Model'!B64 -> 2038.938 | C9: ='4_Forecast_Model'!C64 -> 1674.161 | D9: =ABS(C9-B9) -> 364.77702 | E9: =D9/B9 -> 0.1789054
A10: ='4_Forecast_Model'!A65 -> 43585 | B10: ='4_Forecast_Model'!B65 -> 1756.805 | C10: ='4_Forecast_Model'!C65 -> 1548.7667 | D10: =ABS(C10-B10) -> 208.03828 | E10: =D10/B10 -> 0.11841854
A11: ='4_Forecast_Model'!A66 -> 43616 | B11: ='4_Forecast_Model'!B66 -> 1822.16 | C11: ='4_Forecast_Model'!C66 -> 1442.5395 | D11: =ABS(C11-B11) -> 379.62051 | E11: =D11/B11 -> 0.20833544
A12: ='4_Forecast_Model'!A67 -> 43646 | B12: ='4_Forecast_Model'!B67 -> 1482.407 | C12: ='4_Forecast_Model'!C67 -> 1324.1645 | D12: =ABS(C12-B12) -> 158.24247 | E12: =D12/B12 -> 0.10674698
A13: ='4_Forecast_Model'!A68 -> 43677 | B13: ='4_Forecast_Model'!B68 -> 1517.941 | C13: ='4_Forecast_Model'!C68 -> 1242.0562 | D13: =ABS(C13-B13) -> 275.8848 | E13: =D13/B13 -> 0.18174936
A14: ='4_Forecast_Model'!A69 -> 43708 | B14: ='4_Forecast_Model'!B69 -> 1377.779 | C14: ='4_Forecast_Model'!C69 -> 1351.3713 | D14: =ABS(C14-B14) -> 26.407721 | E14: =D14/B14 -> 0.019166877
A15: ='4_Forecast_Model'!A70 -> 43738 | B15: ='4_Forecast_Model'!B70 -> 1864.387 | C15: ='4_Forecast_Model'!C70 -> 1599.8863 | D15: =ABS(C15-B15) -> 264.50068 | E15: =D15/B15 -> 0.14187005
